CPF102PP.opf,S,BR::BC0,BR::RR1,BR::BC0,GC::BC1,GC::RR0,GC::BC1,GC::BC1,GC::BC1,BR::BC0,BR::BC0,BR::RR1,BR::RR1,RT::GT1,GC::GT0,BR::RR1,BR::GT0,,,,,,,,,,,,,,,,,,,,,,,,,,,,,,,,,,,,,,,,,,,,,,,,,,,,,,,,,,,,,,,,,,,,,,,,,,,,,,,,,,,,,,,,,,,,,,,,,,,,,,,,,,,,,,,,,,,,,,,,,,,,,,,,,,,,,,,,,,,,,,,,,,,,,,,,,,,,,,,,,,,,,,,,,,,,,,,,,,,,,,,,,,,,,,,,,,,,,,,,,,
CPF103LC.opf,S,BR::BC0,BR::BC0,BR::RR1,BR::GT0,BR::BC0,BR::RR1,BR::GT0,BR::GT0,BR::BC0,BR::RR1,BR::BC0,BR::RR1,BR::BC0,BR::RR1,,,,,,,,,,,,,,,,,,,,,,,,,,,,,,,,,,,,,,,,,,,,,,,,,,,,,,,,,,,,,,,,,,,,,,,,,,,,,,,,,,,,,,,,,,,,,,,,,,,,,,,,,,,,,,,,,,,,,,,,,,,,,,,,,,,,,,,,,,,,,,,,,,,,,,,,,,,,,,,,,,,,,,,,,,,,,,,,,,,,,,,,,,,,,,,,,,,,,,,,,,,,
CPF104RB.opf,S,RT::GT1,RT::GT1,RT::GT1,RT::GT1,BR::GT0,BR::BC0,BR::RR1,BR::RR1,GC::BC1,RT::GT1,RT::GT1,RT::GT1,RT::RR0,RT::RR0,BR::RR1,RT::RR0,RT::RR0,RT::RR0,GC::BC1,GC::BC1,GC::BC1,GC::BC1,GC::BC1,GC::BC1,GC::BC1,GC::BC1,GC::BC1,GC::BC1,GC::BC1,GC::BC1,BR::RR1,BR::RR1,BR::RR1,BR::RR1,BR::RR1,BR::RR1,BR::RR1,BR::RR1,BR::RR1,BR::RR1,BR::RR1,BR::RR1,BR::RR1,BR::RR1,RT::GT1,RT::GT1,GC::GT0,GC::GT0,GC::BC1,GC::BC1,GC::BC1,GC::BC1,GC::BC1,GC::BC1,GC::BC1,GC::BC1,GC::BC1,GC::BC1,GC::BC1,GC::BC1,GC::BC1,GC::BC1,GC::BC1,GC::BC1,GC::BC1,GC::BC1,GC::RR0,GC::RR0,RT::GT1,RT::GT1,RT::GT1,GC::BC1,GC::BC1,GC::BC1,GC::BC1,GC::BC1,GC::BC1,RT::BC0,RT::BC0,GC::BC1,GC::BC1,GC::GT0,BR::RR1,BR::RR1,BR::RR1,BR::RR1,,,,,,,,,,,,,,,,,,,,,,,,,,,,,,,,,,,,,,,,,,,,,,,,,,,,,,,,,,,,,,,,,,,,,,,,,,,,,,,,,,,,,,,,,,,,,,,,,,,,,,,,,,,,,,,,,,,,,,,,,,,,,,,,,,,,
CPF105NK.opf,C,OL::BL0,BR::BL1,OL::OT1,OL::RR0,OL::RR0,OL::OT1,OL::RR0,OL::OT1,OL::RR0,OL::OT1,BR::BL1,BR::BL1,BR::BL1,BR::BL1,BR::BL1,BR::RR0,OL::RR0,OL::OT1,RT::RR1,RT::RR1,RT::RR1,RT::RR1,OL::OT1,OL::OT1,BR::BL1,BR::BL1,RT::RR1,RT::RR1,BR::BL1,BR::BL1,RT::OT0,OL::OT1,OL::OT1,RT::RR1,RT::OT0,RT::OT0,OL::OT1,BR::BL1,BR::BL1,,,,,,,,,,,,,,,,,,,,,,,,,,,,,,,,,,,,,,,,,,,,,,,,,,,,,,,,,,,,,,,,,,,,,,,,,,,,,,,,,,,,,,,,,,,,,,,,,,,,,,,,,,,,,,,,,,,,,,,,,,,,,,,,,,,,,,,,,,,,,,,,,,,,,,,,,,,,,,,,,,,,,,,,,,,,,,,,,,,
CPF113EB.opf,C,BR::BC1,BR::BC1,BR::BC1,RT::RR1,RT::RR1,RT::RR1,GC::GT1,GC::GT1,GC::GT1,GC::GT1,GC::GT1,GC::GT1,RT::GT0,RT::GT0,GC::GT1,GC::GT1,RT::GT0,GC::GT1,GC::GT1,BR::BC1,GC::BC0,,,,,,,,,,,,,,,,,,,,,,,,,,,,,,,,,,,,,,,,,,,,,,,,,,,,,,,,,,,,,,,,,,,,,,,,,,,,,,,,,,,,,,,,,,,,,,,,,,,,,,,,,,,,,,,,,,,,,,,,,,,,,,,,,,,,,,,,,,,,,,,,,,,,,,,,,,,,,,,,,,,,,,,,,,,,,,,,,,,,,,,,,,,,,,,,,,,,,
CPF115EI.opf,C,RT::RR1,GC::GT1,RT::RR1,RT::RR1,RT::RR1,RT::RR1,RT::RR1,RT::RR1,GC::GT1,GC::GT1,BR::RR0,BR::RR0,BR::RR0,BR::RR0,BR::RR0,BR::RR0,BR::RR0,BR::RR0,BR::RR0,BR::RR0,BR::RR0,BR::RR0,GC::RR0,BR::GT0,GC::RR0,BR::GT0,GC::RR0,BR::GT0,GC::RR0,GC::RR0,GC::GT1,GC::RR0,GC::GT1,BR::RR0,BR::RR0,BR::RR0,RT::RR1,RT::RR1,RT::RR1,BR::RR0,BR::RR0,GC::BC0,GC::BC0,GC::BC0,GC::BC0,BR::BC1,RT::GT0,GC::GT1,GC::GT1,GC::GT1,GC::GT1,BR::RR0,GC::GT1,BR::RR0,BR::BC1,GC::GT1,GC::GT1,BR::BC1,GC::GT1,BR::BC1,GC::GT1,BR::BC1,GC::GT1,BR::BC1,BR::BC1,GC::GT1,RT::GT0,RT::GT0,RT::GT0,RT::GT0,BR::BC1,GC::GT1,BR::BC1,GC::GT1,BR::BC1,GC::GT1,BR::BC1,GC::GT1,BR::BC1,GC::GT1,BR::BC1,BR::BC1,BR::BC1,BR::BC1,BR::BC1,BR::BC1,BR::BC1,BR::BC1,BR::BC1,BR::BC1,BR::BC1,BR::BC1,BR::BC1,BR::BC1,BR::BC1,BR::BC1,GC::GT1,BR::BC1,GC::GT1,BR::BC1,GC::GT1,BR::BC1,GC::GT1,BR::BC1,GC::GT1,GC::GT1,BR::BC1,RT::RR1,RT::RR1,RT::RR1,RT::RR1,RT::RR1,RT::RR1,RT::RR1,,,,,,,,,,,,,,,,,,,,,,,,,,,,,,,,,,,,,,,,,,,,,,,,,,,,,,,,,,,,,,,,,,,,,,,,,,,,,,,,,,,,,,,,,,,,,,,,,,,,,,,,
CPF119AO.opf,S,RT::OT1,RT::OT1,BR::RR1,BR::RR1,BR::BL0,BR::BL0,BR::OT0,OL::BL1,RT::OT1,BR::RR1,OL::BL1,RT::OT1,BR::RR1,OL::BL1,RT::RR0,BR::RR1,BR::RR1,BR::RR1,BR::RR1,BR::RR1,OL::BL1,BR::OT0,BR::OT0,BR::OT0,,,,,,,,,,,,,,,,,,,,,,,,,,,,,,,,,,,,,,,,,,,,,,,,,,,,,,,,,,,,,,,,,,,,,,,,,,,,,,,,,,,,,,,,,,,,,,,,,,,,,,,,,,,,,,,,,,,,,,,,,,,,,,,,,,,,,,,,,,,,,,,,,,,,,,,,,,,,,,,,,,,,,,,,,,,,,,,,,,,,,,,,,,,,,,,,,,
CPF122NJ.opf,S,BR::RR1,BR::BL0,BR::OT0,BR::RR1,BR::RR1,BR::RR1,BR::BL0,RT::RR0,BR::BL0,RT::RR0,BR::OT0,BR::RR1,BR::RR1,RT::RR0,RT::BL0,RT::OT1,BR::OT0,RT::OT1,BR::BL0,BR::BL0,BR::RR1,BR::OT0,RT::OT1,RT::OT1,BR::RR1,BR::RR1,BR::BL0,BR::OT0,BR::OT0,BR::OT0,BR::RR1,RT::OT1,RT::RR0,RT::RR0,BR::RR1,BR::BL0,BR::OT0,BR::RR1,BR::BL0,BR::OT0,BR::RR1,BR::OT0,BR::RR1,BR::OT0,BR::OT0,BR::RR1,BR::BL0,BR::BL0,,,,,,,,,,,,,,,,,,,,,,,,,,,,,,,,,,,,,,,,,,,,,,,,,,,,,,,,,,,,,,,,,,,,,,,,,,,,,,,,,,,,,,,,,,,,,,,,,,,,,,,,,,,,,,,,,,,,,,,,,,,,,,,,,,,,,,,,,,,,,,,,,,,,,,,,,,,,,,,,,,,,,,,,,,
CPF123LJ.opf,C,RT::OT0,OL::RR0,BR::OT0,RT::OT0,RT::OT0,OL::RR0,OL::RR0,BR::RR0,BR::OT0,RT::OT0,RT::OT0,RT::OT0,BR::OT0,RT::OT0,BR::OT0,,,,,,,,,,,,,,,,,,,,,,,,,,,,,,,,,,,,,,,,,,,,,,,,,,,,,,,,,,,,,,,,,,,,,,,,,,,,,,,,,,,,,,,,,,,,,,,,,,,,,,,,,,,,,,,,,,,,,,,,,,,,,,,,,,,,,,,,,,,,,,,,,,,,,,,,,,,,,,,,,,,,,,,,,,,,,,,,,,,,,,,,,,,,,,,,,,,,,,,,,,,
CPF125AS.opf,C,RT::OT0,OL::BL0,BR::RR0,RT::BL0,BR::BL1,BR::BL1,BR::BL1,OL::BL0,,,,,,,,,,,,,,,,,,,,,,,,,,,,,,,,,,,,,,,,,,,,,,,,,,,,,,,,,,,,,,,,,,,,,,,,,,,,,,,,,,,,,,,,,,,,,,,,,,,,,,,,,,,,,,,,,,,,,,,,,,,,,,,,,,,,,,,,,,,,,,,,,,,,,,,,,,,,,,,,,,,,,,,,,,,,,,,,,,,,,,,,,,,,,,,,,,,,,,,,,,,,,,,,,,
CPF72GS.opf,S,BR::OT0,OL::BL1,RT::BL0,OL::BL1,OL::BL1,OL::BL1,OL::RR0,OL::BL1,BR::BL0,BR::BL0,RT::BL0,RT::BL0,RT::BL0,BR::BL0,BR::BL0,BR::BL0,BR::BL0,BR::BL0,RT::RR0,RT::OT1,RT::BL0,,,,,,,,,,,,,,,,,,,,,,,,,,,,,,,,,,,,,,,,,,,,,,,,,,,,,,,,,,,,,,,,,,,,,,,,,,,,,,,,,,,,,,,,,,,,,,,,,,,,,,,,,,,,,,,,,,,,,,,,,,,,,,,,,,,,,,,,,,,,,,,,,,,,,,,,,,,,,,,,,,,,,,,,,,,,,,,,,,,,,,,,,,,,,,,,,,,,,
CPF73JJ.opf,S,BR::BL0,BR::BL0,BR::OT0,BR::BL0,BR::BL0,BR::BL0,BR::OT0,BR::OT0,BR::BL0,BR::OT0,BR::RR1,BR::OT0,BR::RR1,BR::OT0,BR::RR1,,,,,,,,,,,,,,,,,,,,,,,,,,,,,,,,,,,,,,,,,,,,,,,,,,,,,,,,,,,,,,,,,,,,,,,,,,,,,,,,,,,,,,,,,,,,,,,,,,,,,,,,,,,,,,,,,,,,,,,,,,,,,,,,,,,,,,,,,,,,,,,,,,,,,,,,,,,,,,,,,,,,,,,,,,,,,,,,,,,,,,,,,,,,,,,,,,,,,,,,,,,
CPF74CH.opf,S,BR::OT0,BR::OT0,BR::OT0,BR::OT0,BR::RR1,BR::OT0,BR::OT0,BR::RR1,BR::BL0,BR::OT0,BR::RR1,BR::OT0,BR::BL0,BR::OT0,BR::RR1,BR::RR1,BR::BL0,RT::RR0,RT::OT1,RT::OT1,RT::RR0,OL::OT0,OL::OT0,OL::BL1,OL::OT0,OL::OT0,OL::BL1,RT::BL0,BR::BL0,RT::RR0,RT::BL0,RT::RR0,RT::BL0,RT::RR0,RT::RR0,RT::BL0,BR::BL0,OL::OT0,OL::OT0,OL::OT0,RT::RR0,RT::RR0,BR::RR1,BR::BL0,BR::RR1,RT::RR0,RT::BL0,RT::RR0,RT::BL0,RT::BL0,RT::RR0,RT::BL0,RT::RR0,RT::RR0,RT::RR0,RT::RR0,OL::OT0,OL::BL1,OL::BL1,OL::OT0,OL::OT0,OL::BL1,OL::OT0,BR::BL0,,,,,,,,,,,,,,,,,,,,,,,,,,,,,,,,,,,,,,,,,,,,,,,,,,,,,,,,,,,,,,,,,,,,,,,,,,,,,,,,,,,,,,,,,,,,,,,,,,,,,,,,,,,,,,,,,,,,,,,,,,,,,,,,,,,,,,,,,,,,,,,,,,,,,,,,,,
CPF75RL.opf,S,OL::BL1,BR::RR1,RT::OT1,OL::BL1,BR::OT0,BR::OT0,BR::OT0,BR::OT0,OL::OT0,OL::OT0,BR::OT0,OL::BL1,OL::BL1,OL::BL1,BR::RR1,BR::RR1,RT::OT1,RT::OT1,BR::RR1,,,,,,,,,,,,,,,,,,,,,,,,,,,,,,,,,,,,,,,,,,,,,,,,,,,,,,,,,,,,,,,,,,,,,,,,,,,,,,,,,,,,,,,,,,,,,,,,,,,,,,,,,,,,,,,,,,,,,,,,,,,,,,,,,,,,,,,,,,,,,,,,,,,,,,,,,,,,,,,,,,,,,,,,,,,,,,,,,,,,,,,,,,,,,,,,,,,,,,,
CPF76ZM.opf,S,RT::OT1,BR::BL0,OL::BL1,BR::RR1,OL::BL1,OL::BL1,OL::BL1,OL::BL1,BR::RR1,BR::RR1,BR::RR1,RT::OT1,RT::OT1,RT::OT1,OL::BL1,OL::BL1,OL::BL1,OL::BL1,OL::BL1,OL::BL1,,,,,,,,,,,,,,,,,,,,,,,,,,,,,,,,,,,,,,,,,,,,,,,,,,,,,,,,,,,,,,,,,,,,,,,,,,,,,,,,,,,,,,,,,,,,,,,,,,,,,,,,,,,,,,,,,,,,,,,,,,,,,,,,,,,,,,,,,,,,,,,,,,,,,,,,,,,,,,,,,,,,,,,,,,,,,,,,,,,,,,,,,,,,,,,,,,,,,,
CPF79AT.opf,S,BR::RR1,RT::OT1,OL::BL1,OL::BL1,OL::BL1,BR::RR1,RT::OT1,BR::RR1,OL::BL1,BR::RR1,RT::OT1,BR::RR1,RT::OT1,RT::OT1,BR::RR1,BR::RR1,RT::OT1,OL::BL1,BR::RR1,RT::OT1,OL::BL1,BR::RR1,OL::BL1,RT::OT1,OL::BL1,BR::RR1,,,,,,,,,,,,,,,,,,,,,,,,,,,,,,,,,,,,,,,,,,,,,,,,,,,,,,,,,,,,,,,,,,,,,,,,,,,,,,,,,,,,,,,,,,,,,,,,,,,,,,,,,,,,,,,,,,,,,,,,,,,,,,,,,,,,,,,,,,,,,,,,,,,,,,,,,,,,,,,,,,,,,,,,,,,,,,,,,,,,,,,,,,,,,,,,
CPF81GB.opf,C,OL::OT1,OL::OT1,OL::OT1,BR::BL1,BR::BL1,BR::BL1,RT::RR1,RT::RR1,RT::RR1,BR::RR0,BR::BL1,BR::BL1,RT::RR1,RT::RR1,RT::RR1,RT::RR1,RT::RR1,BR::BL1,RT::RR1,RT::RR1,BR::BL1,RT::RR1,BR::BL1,RT::RR1,BR::BL1,BR::BL1,RT::RR1,BR::RR0,OL::OT1,OL::OT1,OL::OT1,OL::OT1,OL::OT1,OL::OT1,OL::OT1,OL::OT1,OL::BL0,OL::BL0,OL::OT1,OL::RR0,OL::RR0,OL::RR0,RT::BL0,RT::BL0,RT::BL0,RT::RR1,RT::RR1,RT::RR1,BR::BL1,BR::BL1,BR::BL1,BR::OT0,BR::BL1,OL::OT1,OL::OT1,,,,,,,,,,,,,,,,,,,,,,,,,,,,,,,,,,,,,,,,,,,,,,,,,,,,,,,,,,,,,,,,,,,,,,,,,,,,,,,,,,,,,,,,,,,,,,,,,,,,,,,,,,,,,,,,,,,,,,,,,,,,,,,,,,,,,,,,,,,,,,,,,,,,,,,,,,,,,,,,,,,
CPF82SF.opf,C,OL::OT1,OL::RR0,OL::OT1,OL::OT1,OL::OT1,OL::OT1,BR::RR0,BR::BL1,BR::BL1,RT::OT0,RT::RR1,RT::RR1,RT::RR1,OL::BL0,OL::BL0,OL::OT1,OL::OT1,BR::BL1,BR::BL1,RT::RR1,RT::RR1,BR::BL1,OL::OT1,OL::OT1,BR::BL1,BR::BL1,RT::RR1,RT::RR1,,,,,,,,,,,,,,,,,,,,,,,,,,,,,,,,,,,,,,,,,,,,,,,,,,,,,,,,,,,,,,,,,,,,,,,,,,,,,,,,,,,,,,,,,,,,,,,,,,,,,,,,,,,,,,,,,,,,,,,,,,,,,,,,,,,,,,,,,,,,,,,,,,,,,,,,,,,,,,,,,,,,,,,,,,,,,,,,,,,,,,,,,,,,,,
CPF84SK.opf,C,OL::BL0,OL::BL0,OL::BL0,OL::BL0,OL::BL0,BR::RR0,BR::RR0,BR::RR0,RT::OT0,RT::OT0,OL::RR0,OL::OT1,OL::BL0,OL::OT1,OL::RR0,OL::OT1,OL::OT1,OL::OT1,OL::OT1,OL::RR0,OL::OT1,OL::OT1,OL::RR0,OL::OT1,OL::OT1,OL::OT1,OL::RR0,OL::OT1,OL::BL0,OL::RR0,OL::BL0,OL::BL0,OL::RR0,OL::OT1,OL::OT1,OL::BL0,OL::RR0,OL::OT1,RT::OT0,RT::RR1,BR::RR0,BR::BL1,BR::OT0,OL::RR0,OL::BL0,OL::OT1,OL::BL0,OL::RR0,OL::OT1,OL::BL0,OL::BL0,OL::BL0,OL::BL0,OL::RR0,RT::RR1,RT::BL0,OL::BL0,OL::RR0,OL::BL0,OL::RR0,OL::BL0,OL::RR0,OL::BL0,OL::BL0,OL::BL0,OL::OT1,OL::BL0,OL::OT1,RT::RR1,BR::RR0,BR::RR0,BR::RR0,BR::OT0,BR::RR0,BR::RR0,RT::BL0,BR::RR0,OL::OT1,RT::BL0,RT::BL0,OL::BL0,OL::OT1,OL::RR0,OL::RR0,BR::RR0,RT::RR1,BR::RR0,RT::BL0,RT::RR1,BR::OT0,RT::OT0,OL::BL0,RT::BL0,BR::OT0,BR::RR0,RT::RR1,BR::OT0,RT::OT0,RT::OT0,RT::OT0,RT::OT0,BR::OT0,OL::OT1,OL::OT1,OL::OT1,OL::OT1,OL::RR0,BR::OT0,RT::OT0,BR::BL1,BR::OT0,BR::RR0,BR::OT0,BR::BL1,BR::RR0,BR::BL1,,,,,,,,,,,,,,,,,,,,,,,,,,,,,,,,,,,,,,,,,,,,,,,,,,,,,,,,,,,,,,,,,,,,,,,,,,,,,,,,,,,,,,,,,,,,,,,,,,,,,,
CPF85TM.opf,C,RT::RR1,RT::RR1,RT::OT0,OL::OT1,BR::BL1,OL::OT1,RT::RR1,RT::OT0,RT::RR1,BR::RR0,BR::RR0,BR::RR0,BR::BL1,BR::BL1,OL::BL0,OL::OT1,OL::OT1,OL::OT1,OL::OT1,OL::OT1,OL::OT1,OL::OT1,OL::OT1,OL::OT1,OL::RR0,OL::OT1,OL::OT1,OL::OT1,OL::OT1,OL::OT1,OL::OT1,OL::OT1,,,,,,,,,,,,,,,,,,,,,,,,,,,,,,,,,,,,,,,,,,,,,,,,,,,,,,,,,,,,,,,,,,,,,,,,,,,,,,,,,,,,,,,,,,,,,,,,,,,,,,,,,,,,,,,,,,,,,,,,,,,,,,,,,,,,,,,,,,,,,,,,,,,,,,,,,,,,,,,,,,,,,,,,,,,,,,,,,,,,,,,,,,
CPF86GW.opf,S,RT::OT1,RT::OT1,RT::OT1,RT::OT1,RT::RR0,RT::RR0,RT::RR0,RT::OT1,RT::BL0,RT::BL0,RT::BL0,RT::BL0,RT::BL0,RT::OT1,OL::BL1,BR::RR1,BR::RR1,RT::OT1,OL::BL1,RT::OT1,,,,,,,,,,,,,,,,,,,,,,,,,,,,,,,,,,,,,,,,,,,,,,,,,,,,,,,,,,,,,,,,,,,,,,,,,,,,,,,,,,,,,,,,,,,,,,,,,,,,,,,,,,,,,,,,,,,,,,,,,,,,,,,,,,,,,,,,,,,,,,,,,,,,,,,,,,,,,,,,,,,,,,,,,,,,,,,,,,,,,,,,,,,,,,,,,,,,,,
CPF88LB.opf,S,BR::BC0,BR::BC0,BR::BC0,BR::BC0,GC::GT0,RT::RR0,BR::BC0,BR::BC0,BR::BC0,GC::BC1,GC::GT0,GC::BC1,BR::GT0,GC::BC1,GC::BC1,GC::BC1,RT::RR0,GC::BC1,GC::BC1,GC::BC1,GC::RR0,GC::BC1,RT::RR0,BR::RR1,RT::GT1,RT::GT1,BR::RR1,RT::GT1,RT::GT1,RT::GT1,RT::GT1,RT::GT1,RT::GT1,RT::GT1,RT::GT1,RT::GT1,GC::GT0,GC::BC1,RT::GT1,,,,,,,,,,,,,,,,,,,,,,,,,,,,,,,,,,,,,,,,,,,,,,,,,,,,,,,,,,,,,,,,,,,,,,,,,,,,,,,,,,,,,,,,,,,,,,,,,,,,,,,,,,,,,,,,,,,,,,,,,,,,,,,,,,,,,,,,,,,,,,,,,,,,,,,,,,,,,,,,,,,,,,,,,,,,,,,,,,,
CPF89CH.opf,C,BR::BC1,BR::BC1,BR::BC1,BR::BC1,GC::GT1,GC::GT1,RT::RR1,RT::RR1,RT::RR1,RT::RR1,RT::RR1,RT::RR1,RT::RR1,RT::BC0,RT::BC0,RT::BC0,RT::BC0,RT::BC0,BR::BC1,BR::BC1,BR::BC1,BR::BC1,BR::BC1,BR::BC1,BR::BC1,BR::BC1,RT::BC0,RT::BC0,RT::BC0,RT::BC0,RT::BC0,RT::BC0,RT::BC0,RT::BC0,RT::BC0,RT::BC0,RT::BC0,RT::BC0,RT::BC0,RT::BC0,RT::BC0,RT::BC0,RT::BC0,RT::BC0,RT::BC0,RT::BC0,RT::BC0,RT::BC0,RT::BC0,RT::BC0,RT::BC0,RT::BC0,RT::BC0,RT::BC0,RT::BC0,RT::BC0,RT::GT0,RT::GT0,RT::GT0,RT::GT0,GC::GT1,GC::GT1,BR::GT0,BR::GT0,BR::GT0,BR::GT0,BR::GT0,BR::GT0,BR::GT0,BR::GT0,BR::GT0,BR::GT0,GC::GT1,GC::GT1,BR::GT0,BR::GT0,BR::GT0,BR::GT0,BR::GT0,BR::GT0,BR::GT0,BR::GT0,RT::GT0,RT::GT0,RT::RR1,RT::RR1,RT::RR1,RT::RR1,BR::BC1,BR::BC1,BR::BC1,BR::BC1,BR::BC1,BR::BC1,BR::BC1,BR::BC1,BR::BC1,BR::BC1,RT::RR1,RT::RR1,BR::BC1,BR::BC1,RT::BC0,RT::BC0,RT::GT0,RT::GT0,RT::RR1,RT::RR1,GC::GT1,GC::GT1,GC::GT1,GC::GT1,RT::GT0,RT::GT0,RT::RR1,RT::RR1,RT::RR1,RT::RR1,RT::RR1,RT::RR1,RT::RR1,RT::RR1,RT::RR1,RT::RR1,RT::RR1,RT::RR1,RT::RR1,RT::RR1,RT::BC0,RT::BC0,BR::BC1,BR::BC1,BR::BC1,BR::BC1,BR::BC1,BR::BC1,BR::BC1,BR::BC1,BR::BC1,BR::BC1,BR::BC1,BR::BC1,RT::RR1,RT::RR1,RT::RR1,RT::RR1,RT::RR1,RT::RR1,RT::RR1,RT::RR1,BR::BC1,BR::BC1,BR::BC1,BR::BC1,GC::GT1,GC::GT1,GC::GT1,GC::GT1,BR::BC1,BR::BC1,BR::GT0,BR::GT0,GC::GT1,GC::GT1,GC::GT1,RT::GT0,RT::GT0,RT::GT0,RT::GT0,RT::GT0,RT::GT0,GC::GT1,RT::RR1,RT::RR1,RT::RR1,RT::RR1,RT::RR1,RT::RR1,RT::RR1,RT::RR1,RT::RR1,RT::RR1,RT::RR1,RT::RR1,RT::RR1,RT::RR1,RT::RR1,RT::RR1,RT::RR1,RT::RR1,RT::RR1,RT::RR1,RT::RR1,BR::BC1,RT::RR1,BR::GT0,BR::BC1,BR::BC1,BR::BC1,BR::BC1,RT::BC0,RT::BC0,RT::RR1,RT::RR1,RT::RR1,RT::GT0,RT::GT0,RT::GT0,RT::GT0,RT::BC0,RT::BC0,RT::RR1,RT::RR1,RT::RR1,RT::RR1,RT::RR1,RT::RR1,RT::RR1
CPF90SP.opf,C,GC::GT1,GC::GT1,RT::RR1,RT::RR1,RT::RR1,BR::BC1,BR::BC1,RT::BC0,GC::BC0,BR::BC1,GC::GT1,RT::RR1,GC::GT1,RT::RR1,BR::BC1,,,,,,,,,,,,,,,,,,,,,,,,,,,,,,,,,,,,,,,,,,,,,,,,,,,,,,,,,,,,,,,,,,,,,,,,,,,,,,,,,,,,,,,,,,,,,,,,,,,,,,,,,,,,,,,,,,,,,,,,,,,,,,,,,,,,,,,,,,,,,,,,,,,,,,,,,,,,,,,,,,,,,,,,,,,,,,,,,,,,,,,,,,,,,,,,,,,,,,,,,,,
CPF92CP.opf,C,BR::RR0,BR::BC1,BR::BC1,BR::GT0,BR::BC1,BR::BC1,BR::BC1,BR::BC1,BR::BC1,BR::GT0,BR::GT0,BR::GT0,BR::GT0,BR::BC1,BR::GT0,BR::BC1,BR::GT0,BR::RR0,BR::BC1,BR::BC1,GC::BC0,RT::BC0,RT::BC0,RT::BC0,RT::BC0,RT::BC0,RT::GT0,BR::RR0,RT::GT0,GC::BC0,RT::GT0,RT::GT0,RT::GT0,RT::GT0,RT::GT0,RT::GT0,RT::BC0,RT::GT0,RT::BC0,RT::BC0,RT::BC0,GC::BC0,BR::BC1,BR::BC1,GC::BC0,RT::BC0,RT::BC0,RT::BC0,GC::BC0,BR::BC1,BR::BC1,RT::BC0,GC::BC0,RT::BC0,GC::BC0,BR::BC1,BR::RR0,BR::GT0,RT::GT0,GC::BC0,GC::BC0,GC::BC0,GC::BC0,GC::BC0,BR::RR0,BR::RR0,BR::RR0,BR::RR0,RT::GT0,RT::GT0,RT::GT0,RT::GT0,RT::RR1,RT::RR1,BR::GT0,BR::GT0,BR::GT0,BR::GT0,BR::GT0,BR::GT0,RT::GT0,RT::GT0,RT::RR1,RT::RR1,BR::GT0,BR::GT0,GC::GT1,GC::GT1,BR::BC1,BR::BC1,RT::RR1,RT::RR1,RT::RR1,RT::RR1,GC::RR0,RT::RR1,BR::RR0,RT::RR1,RT::RR1,GC::RR0,GC::RR0,GC::RR0,GC::RR0,BR::RR0,BR::RR0,GC::RR0,GC::RR0,GC::RR0,GC::RR0,GC::RR0,RT::RR1,RT::RR1,RT::RR1,RT::RR1,RT::RR1,RT::RR1,RT::RR1,RT::RR1,RT::RR1,,,,,,,,,,,,,,,,,,,,,,,,,,,,,,,,,,,,,,,,,,,,,,,,,,,,,,,,,,,,,,,,,,,,,,,,,,,,,,,,,,,,,,,,,,,,,,,,,,,
CPF93MM.opf,S,GC::BC1,GC::BC1,BR::RR1,BR::RR1,RT::GT1,RT::GT1,GC::BC1,GC::BC1,BR::RR1,BR::RR1,BR::RR1,RT::GT1,RT::GT1,BR::GT0,GC::RR0,RT::BC0,BR::BC0,GC::BC1,RT::RR0,BR::RR1,RT::GT1,,,,,,,,,,,,,,,,,,,,,,,,,,,,,,,,,,,,,,,,,,,,,,,,,,,,,,,,,,,,,,,,,,,,,,,,,,,,,,,,,,,,,,,,,,,,,,,,,,,,,,,,,,,,,,,,,,,,,,,,,,,,,,,,,,,,,,,,,,,,,,,,,,,,,,,,,,,,,,,,,,,,,,,,,,,,,,,,,,,,,,,,,,,,,,,,,,,,,
CPF94HJ.opf,C,GC::BC0,GC::RR0,GC::BC0,GC::GT1,GC::BC0,GC::BC0,GC::BC0,GC::BC0,GC::BC0,BR::BC1,BR::GT0,GC::GT1,GC::RR0,GC::RR0,GC::RR0,GC::GT1,BR::BC1,GC::GT1,BR::GT0,BR::GT0,BR::RR0,BR::GT0,BR::GT0,GC::GT1,GC::GT1,GC::GT1,GC::GT1,GC::GT1,GC::GT1,GC::GT1,,,,,,,,,,,,,,,,,,,,,,,,,,,,,,,,,,,,,,,,,,,,,,,,,,,,,,,,,,,,,,,,,,,,,,,,,,,,,,,,,,,,,,,,,,,,,,,,,,,,,,,,,,,,,,,,,,,,,,,,,,,,,,,,,,,,,,,,,,,,,,,,,,,,,,,,,,,,,,,,,,,,,,,,,,,,,,,,,,,,,,,,,,,,
CPF96VW.opf,C,RT::RR1,RT::RR1,RT::RR1,RT::RR1,RT::RR1,RT::GT0,RT::BC0,RT::BC0,,,,,,,,,,,,,,,,,,,,,,,,,,,,,,,,,,,,,,,,,,,,,,,,,,,,,,,,,,,,,,,,,,,,,,,,,,,,,,,,,,,,,,,,,,,,,,,,,,,,,,,,,,,,,,,,,,,,,,,,,,,,,,,,,,,,,,,,,,,,,,,,,,,,,,,,,,,,,,,,,,,,,,,,,,,,,,,,,,,,,,,,,,,,,,,,,,,,,,,,,,,,,,,,,,
CPF97MH.opf,C,RT::RR1,,,,,,,,,,,,,,,,,,,,,,,,,,,,,,,,,,,,,,,,,,,,,,,,,,,,,,,,,,,,,,,,,,,,,,,,,,,,,,,,,,,,,,,,,,,,,,,,,,,,,,,,,,,,,,,,,,,,,,,,,,,,,,,,,,,,,,,,,,,,,,,,,,,,,,,,,,,,,,,,,,,,,,,,,,,,,,,,,,,,,,,,,,,,,,,,,,,,,,,,,,,,,,,,,,,,,,,,,
CPF98EB.opf,S,GC::BC1,GC::GT0,GC::BC1,GC::GT0,BR::RR1,RT::GT1,GC::BC1,GC::BC1,GC::BC1,GC::BC1,GC::RR0,BR::RR1,GC::BC1,RT::BC0,GC::BC1,RT::GT1,BR::RR1,BR::RR1,BR::RR1,BR::RR1,BR::RR1,BR::RR1,BR::RR1,BR::RR1,BR::RR1,GC::BC1,BR::RR1,BR::GT0,RT::GT1,RT::GT1,GC::BC1,RT::GT1,BR::GT0,BR::GT0,BR::RR1,RT::GT1,RT::GT1,RT::GT1,RT::GT1,RT::GT1,RT::GT1,RT::GT1,RT::GT1,RT::GT1,RT::GT1,RT::GT1,RT::GT1,RT::GT1,RT::GT1,BR::BC0,GC::GT0,,,,,,,,,,,,,,,,,,,,,,,,,,,,,,,,,,,,,,,,,,,,,,,,,,,,,,,,,,,,,,,,,,,,,,,,,,,,,,,,,,,,,,,,,,,,,,,,,,,,,,,,,,,,,,,,,,,,,,,,,,,,,,,,,,,,,,,,,,,,,,,,,,,,,,,,,,,,,,,,,,,,,,,
CPF99JG.opf,S,GC::RR0,GC::RR0,GC::RR0,GC::BC1,GC::BC1,GC::RR0,GC::RR0,GC::BC1,GC::RR0,GC::RR0,GC::RR0,GC::RR0,GC::RR0,GC::BC1,GC::RR0,GC::RR0,GC::RR0,GC::RR0,GC::BC1,GC::BC1,GC::BC1,BR::BC0,GC::GT0,GC::GT0,GC::GT0,GC::BC1,GC::BC1,GC::BC1,BR::BC0,BR::BC0,BR::BC0,GC::BC1,GC::BC1,RT::BC0,RT::GT1,RT::GT1,RT::GT1,RT::GT1,RT::GT1,RT::GT1,RT::GT1,RT::GT1,RT::GT1,RT::GT1,RT::GT1,RT::GT1,RT::RR0,RT::BC0,RT::BC0,RT::GT1,RT::GT1,RT::RR0,,,,,,,,,,,,,,,,,,,,,,,,,,,,,,,,,,,,,,,,,,,,,,,,,,,,,,,,,,,,,,,,,,,,,,,,,,,,,,,,,,,,,,,,,,,,,,,,,,,,,,,,,,,,,,,,,,,,,,,,,,,,,,,,,,,,,,,,,,,,,,,,,,,,,,,,,,,,,,,,,,,,,,
